key,value
useAnotherAccountBtn,"~Use Another Account"
username,"android=new UiSelector().className(""android.widget.EditText"").instance(0)"
password,"android=new UiSelector().className(""android.widget.EditText"").instance(1)"
totpOrOtp,"android=new UiSelector().className(""android.widget.EditText"").instance(2)"
loginButton,"~LOGIN"
getOtp,"~Get OTP"
forgotPassword,"Forgot Password?"
openAccount,"Open account"
continueBtn,"android=new UiSelector().description(""Continue Anyway"")"
allowButton,"android=new UiSelector().text(""Allow"")"
biometricUserChoice,"~Cancel"
profileMenuBtn,"android=new UiSelector().className(""android.view.View"").instance(8)"
profileRow,"android=new UiSelector().description(""Profile"")
tradingPrevilegesHeader,"~Trading Privileges"
profileBackButton,"~Back"
accountsAndServicesCrossButton,"android=new UiSelector().className(""android.view.View"").instance(5)"
watchlistFooterIcon,"android=new UiSelector().className(""android.widget.ImageView"").instance(3)"
searchIcon,"android=new UiSelector().className(""android.view.View"").instance(13)"
searchInputField,"android=new UiSelector().className(""android.widget.EditText"")"
exchangeChipAll,"~ALL"
exchangeChipNSE,"~NSE"
exchangeChipBSE,"~BSE"
exchangeChipNFO,"~NFO"
exchangeChipBFO,"~BFO"
exchangeChipMCX,"~MCX"
exchangeChipBCD,"~BCD"
exchangeChipCDS,"~CDS"
addScripBookmarkIcon,"android=new UiSelector().className(""android.view.View"").instance(31)"
deleteScripIcon,"android=new UiSelector().descriptionContains(""Delete"")"
watchlistTab1,"~Watchlist 3"
watchlistTab2,"~fivee"
watchlistTab3,"~mkk"
watchlistTab4,"~one"
watchlistTab5,"~onehy"
indexTab,"~Index"
searchCloseButton,"android=new UiSelector().className(""android.widget.Button"").instance(1)"
watchListDropdown,"android=new UiSelector().descriptionMatches("".*[0-9]+/[0-9]+.*"")"
searchResultPlusIcons,"//android.widget.ImageView"
searchResultTopCard,"android=new UiSelector().className(""android.view.View"").instance(28)"
overviewBookmarkIcon,"android=new UiSelector().className(""android.view.View"").instance(7)"
watchlistRemoveMinusBtn,"android=new UiSelector().description(""-"")"
stockOverviewBackButton,"android=new UiSelector().className(""android.widget.Button"").instance(0)"
watchlistButton,"android=new UiSelector().descriptionContains(""mkk"")"
scripBySymbol,"android=new UiSelector().descriptionContains(""{symbol}"")"
scripBySymbolAndSegment,"android=new UiSelector().descriptionContains(""{symbol}"").descriptionContains(""{segment}"")"
openHeatMapView,"~Open heatmap view"
valueToggle,"android=new UiSelector().descriptionContains(""Val"")"
percentToggle,"android=new UiSelector().descriptionContains(""%"")"
watchlistDropdownByName,"android=new UiSelector().descriptionStartsWith(""{name}"")"
indexSubDropdown,"android=new UiSelector().descriptionContains(""SENSEX"").or(new UiSelector().descriptionContains(""NIFTY""))"
watchlistRowByName,"android=new UiSelector().descriptionContains(""{name}"")"
watchlistStockRows,"android=new UiSelector().descriptionMatches("".*(NSE|BSE|CDS|MCX|NFO|BFO|EQ|FUT).* Archive|.*(NSE|BSE|CDS|MCX|NFO|BFO|EQ|FUT).*"")"
heatmapGridStockTiles,"android=new UiSelector().descriptionMatches("".*(↑|↓|\+|up|down).*"")"
advanceBadge,"android=new UiSelector().descriptionContains(""Advance"")"
declineBadge,"android=new UiSelector().descriptionContains(""Decline"")"
acceptRiskDisclosureBtn,"~Accept"
marketWatchSettingsGear,"android=new UiSelector().className(""android.view.View"").instance(14)"
marketWatchSettingsCloseBtn,"~CLOSE"
alphabeticalSorting,"~A-Z"
percentSorting,"~%"
ltpSorting,"~LTP"
exchangeSorting,"~EXH"
fundsTabIcon,"android=new UiSelector().className(""android.view.View"").instance(6)"
equityOrFno,"~Equity / FNO"
commodity,"~Commodity"
mtf,"~MTF"
withdrawBtn,"~Withdraw"
moveFundBtn,"~Move Fund"
addFundsBtn,"~Add Funds"
nseBseComTab,"android=new UiSelector().descriptionStartsWith(""NSE"")"
mtfNseBseTab,"android=new UiSelector().descriptionStartsWith(""MTF"")"
openPriceRadioBtn,~Open price
closePriceRadioBtn,~Close price
percentageFormatRadioBtn,~Percentage
absoluteFormatRadioBtn,~Absolute
absoluteAndPercentageFormatRadioBtn,~Absolute & percentage
showDirectionToggle,~Show direction
portfolioTabIcon,"~Portfolio"
holdingsTab,"android=new UiSelector().descriptionContains(""Holdings"")"
portfolioStockRows,"android=new UiSelector().descriptionContains(""Qty"")"
watchlistTabIcon,"~Watchlist"
holdingsToggle,~Show holdings
gttTab,"~GTT"
gttToggle,~Show GTT
positionsTab,"android=new UiSelector().descriptionContains(""Positions"")"
positionsToggle,~Show Position
sipTab,"~SIP"
sipStockRows,"android=new UiSelector().descriptionContains(""Instalments"")"
viewSipBtn,"~View"
sipScripRows,"android=new UiSelector().descriptionContains(""Qty:"")"
showSipToggle,"~Show SIP"
alertsTab,"~Alerts"
alertStockRows,"android=new UiSelector().descriptionContains(""Pending"").or(new UiSelector().descriptionContains(""Triggered""))"
showAlertsToggle,"~Show Alerts"
mtfTransferBtn,"~MTF Transfer"
transferToMtfHeader,"~Transfer to MTF"
expandAllBtn,"~Expand All"
collapseAllBtn,"~Collapse All"
mtfCancel,"android=new UiSelector().descriptionContains(""Cancel"")"
pinToFav1,"android=new UiSelector().description(""1"")
pinToFav2,"android=new UiSelector().description(""2"")
optionChainHeader,"android=new UiSelector().description(""Option Chain"")"
confirmAlert,"~CONFIRM"
createAlertBtn,"~Create Alert"
greaterThanBtn,"android=new UiSelector().descriptionContains(""Greater than"")"
lesserThanBtn,"android=new UiSelector().descriptionContains(""Lesser than"")"
alertTypeOption,"~Perc.Change"
dustbinIcon,"android=new UiSelector().className(""android.view.View"").instance(15)"
updateAlertBtn,"~Update Alert"
deleteAlertBtn,"~Delete Alert"
yesBtn,"~YES"
targetValueModifyBox,"android=new UiSelector().text(""{value}"")"
scalperIcon,"~Scalper"
strategyBuilderIcon,"~Strategy Builder"
scalperCallHeaderDesc,"android=new UiSelector().descriptionContains(""Call"")"
scalperCallHeaderText,"android=new UiSelector().textContains(""Call"")"
scalperStockHeaderDesc,"android=new UiSelector().descriptionContains(""Stock"")"
scalperStockHeaderText,"android=new UiSelector().textContains(""Stock"")"
scalperPutHeaderDesc,"android=new UiSelector().descriptionContains(""Put"")"
scalperPutHeaderText,"android=new UiSelector().textContains(""Put"")"
strategyScripHeaderDesc,"android=new UiSelector().descriptionContains(""{value}"")"
strategyScripHeaderText,"android=new UiSelector().textContains(""{value}"")"
nSE,"android=new UiSelector().descriptionContains(""NSE | "")"
view,"android=new UiSelector().className(""android.view.View"")"
textView,"android=new UiSelector().className(""android.widget.TextView"")"
dynamicText,"android=new UiSelector().textContains(""{0}"")"
dynamicDesc,"android=new UiSelector().descriptionContains(""{0}"")"
optionChain1,"android=new UiSelector().text(""Option Chain"")"
anyElement,"//*"
ordersTab,"android=new UiSelector().className(""android.widget.ImageView"").instance(4)"
nopositionsavailable,"android=new UiSelector().textContains(""No positions available"")"
startYourInvestment,"android=new UiSelector().textContains(""Start Your Investment"")"
imageViewInst0,"android=new UiSelector().className(""android.widget.ImageView"").instance({0})"
anyTextOrDescElement,"//*[@text or @content-desc]"
accLOGOUT,"~LOGOUT"
accLogout,"~Logout"
locatorGen,"#flash"
locatorGen1,"//*[@content-desc != """"]"
imageViewInst2,"android=new UiSelector().className(""android.widget.ImageView"").instance(2)"
locatorGen2,"//*[(contains(@content-desc, ""Save"") or contains(@text, ""Save"") or contains(@content-desc, ""SAVE"") or contains(@text, ""SAVE"")) and not(contains(@text, ""Ordering"")) and not(contains(@content-desc, ""Ordering""))]"
locatorGen3,"android=new UiSelector().descriptionMatches("".*(NSE|BSE|CDS|MCX|NFO|BFO|EQ|FUT).*"")"
locatorGen4,"android=new UiScrollable(new UiSelector().className(""android.widget.HorizontalScrollView"")).setAsHorizontalList().scrollIntoView(new UiSelector().description(""{0}""))"
locatorGen5,"~{0}"
locatorGen6,"android=new UiSelector().description(""{0}"")"
nifty50,"android=new UiSelector().descriptionContains(""Nifty 50"")"
locatorGen7,"android=new UiSelector().descriptionStartsWith(""Index"")"
locatorGen8,"//*[contains(@content-desc, ""already present"") or contains(@text, ""already present"")]"
alreadypresent,"android=new UiSelector().textContains(""already present"")"
basketsTab,"~Basket"
basketsSearchIcon,"android=new UiSelector().className(""android.view.View"").instance(18)"
basketsAvailableMargin,"//android.view.View[contains(@content-desc, ""MARGIN"") or contains(@text, ""MARGIN"") or contains(@content-desc, ""Margin"") or contains(@text, ""Margin"")]"
basketsHeaderCount,"//android.view.View[contains(@content-desc, ""Baskets"")]"
noBasketsFound,"//android.view.View[contains(@content-desc, ""No Baskets found"") or contains(@text, ""No Baskets found"")]"
createBasketModalTitle,"//android.view.View[@content-desc=""Create New Basket""]"
basketNameInput,"//android.widget.EditText"
createBasketButton,"//android.widget.Button[@content-desc=""Create""]"
basketNameCounter,"//android.widget.EditText/android.view.View"
basketScrip,"android=new UiSelector().description(""INFY-EQ"")
basketQtyRow,"//android.view.View[contains(@content-desc, ""Qty: "")]"
basketAddOrdersBtn,"~Add Orders"
basketAddBtnUpper,"~ADD"
basketInfyScrip,"//android.view.View[contains(@content-desc, ""INFY"")]"
basketDuplicateIcon,"~Duplicate"
basketModifyIcon,"~Modify"
basketDeleteIcon,"~Delete"
basketInfyEqNse,"//android.view.View[contains(@content-desc, ""INFY-EQ"") and contains(@content-desc, ""NSE"")]"
basketModifyBtnUpper,"~MODIFY"
basketMustBeBetweenError,"//*[contains(@content-desc, ""Must be between"") or contains(@text, ""Must be between"")]"
basketYesBtn,"~Yes"
basketTriggerError,"//*[contains(@content-desc, ""Trigger should be lower than limit"") or contains(@text, ""Trigger should be lower than limit"")]"
basketViewAny,"//android.view.View"
basketNiftyScrip,"//android.view.View[contains(@content-desc, ""NIFTY"")]"
basketHeaderCountFallback,"//*[contains(@content-desc, ""Baskets ("")) or contains(@text, ""Baskets (""))]"
basketQtyRowFallback,"//android.view.View[contains(@content-desc, ""Qty"") or contains(@text, ""Qty"")]"
basketPositionDetailsCollapsed,"~Position Details, Collapsed"
basketPositionDetails,"//*[contains(@content-desc, ""Position Details"")]"
basketIncludeExistingMargin,"//*[contains(@content-desc, ""Include existing margin"") or contains(@text, ""Include existing margin"")]"
basketExecuteBtn,"~EXECUTE"
basketConfirmBtn,"~Confirm"
basketOrderConfirmation,"//*[contains(@content-desc, ""execute"") or contains(@text, ""execute"") or contains(@content-desc, ""Order Confirmation"")]"
basketOrderStatus,"//*[contains(@content-desc, ""REJECTED"") or contains(@text, ""REJECTED"") or contains(@content-desc, ""COMPLETE"") or contains(@text, ""COMPLETE"") or contains(@content-desc, ""Rejected"") or contains(@text, ""Rejected"") or contains(@content-desc, ""Complete"") or contains(@text, ""Complete"")]"
basketResetBtn,"~RESET"
basketOrderFinalStatus,"//*[contains(@content-desc, ""REJECTED"") or contains(@text, ""REJECTED"") or contains(@content-desc, ""COMPLETED"") or contains(@text, ""COMPLETED"") or contains(@content-desc, ""FAILED"") or contains(@text, ""FAILED"")  ]"
basketUpdateBtn,"~Update"
basketAlreadyPresentError,"//*[contains(@content-desc, ""already present"") or contains(@text, ""already present"") or contains(@content-desc, ""already exists"") or contains(@text, ""exists"")]"
basketSpecialCharError,"//*[contains(@content-desc, ""Special characters"") or contains(@text, ""Special characters"") or contains(@content-desc, ""Invalid"")]"
basketCheckbox1,"android=new UiSelector().className(""android.widget.CheckBox"").instance(1)"
basketCheckbox2,"android=new UiSelector().className(""android.widget.CheckBox"").instance(2)"
basketCheckbox3,"android=new UiSelector().className(""android.widget.CheckBox"").instance(3)"
basketDelete3Btn,"~Delete (3)"
basketDeleteSurePopup,"//*[contains(@content-desc, ""sure"") or contains(@text, ""sure"")]"
basketCrossIcon,"android=new UiSelector().className(""android.view.View"").instance(30)"
basketTickIcon,"android=new UiSelector().className(""android.view.View"").instance(29)"
basketSelectAllCheckbox,"android=new UiSelector().className(""android.widget.CheckBox"").instance(0)"
basketDeleteDynamicBtn,"//*[contains(@content-desc, ""Delete ("")) or contains(@text, ""Delete (""))]"
basketDownloadCsvBtn,"android=new UiSelector().className(""android.view.View"").instance(20)"
basketShareSheet,"//*[contains(@text, ""Share"") or contains(@content-desc, ""Share"") or contains(@text, "".csv"") or contains(@content-desc, "".csv"") or contains(@text, ""file"") or contains(@content-desc, ""file"") or contains(@text, ""Nearby"") or contains(@content-desc, ""Nearby"")]"
basketQtyStrict,"//*[contains(@content-desc, ""Qty:"") or contains(@text, ""Qty:"")]"
basketMax20Snackbar,"//*[contains(@content-desc, ""maximum of 20"") or contains(@text, ""maximum of 20"") or contains(@text, ""Basket can contain"")]"
basketAnyExchangeScrip,"//*[contains(@content-desc, ""NSE"") or contains(@text, ""NSE"") or contains(@content-desc, ""BSE"") or contains(@text, ""BSE"") or contains(@content-desc, ""EQ"") or contains(@text, ""EQ"")]"